-- phpMyAdmin SQL Dump
-- version 5.1.0
-- https://www.phpmyadmin.net/
--
-- Host: 127.0.0.1
-- Generation Time: Mar 24, 2021 at 12:59 PM
-- Server version: 10.4.18-MariaDB
-- PHP Version: 8.0.3

SET SQL_MODE = "NO_AUTO_VALUE_ON_ZERO";
START TRANSACTION;
SET time_zone = "+00:00";


/*!40101 SET @OLD_CHARACTER_SET_CLIENT=@@CHARACTER_SET_CLIENT */;
/*!40101 SET @OLD_CHARACTER_SET_RESULTS=@@CHARACTER_SET_RESULTS */;
/*!40101 SET @OLD_COLLATION_CONNECTION=@@COLLATION_CONNECTION */;
/*!40101 SET NAMES utf8mb4 */;

--
-- Database: `biomix_gp_sp_2020`
--

-- --------------------------------------------------------

--
-- Table structure for table `avatars`
--

CREATE TABLE `avatars` (
  `id` bigint(20) UNSIGNED NOT NULL,
  `path` text COLLATE utf8mb4_unicode_ci NOT NULL,
  `extension` varchar(15) COLLATE utf8mb4_unicode_ci DEFAULT NULL,
  `size` double(8,2) UNSIGNED NOT NULL DEFAULT 0.00,
  `created_at` timestamp NULL DEFAULT NULL,
  `updated_at` timestamp NULL DEFAULT NULL
) ENGINE=InnoDB DEFAULT CHARSET=utf8mb4 COLLATE=utf8mb4_unicode_ci;

--
-- Dumping data for table `avatars`
--

INSERT INTO `avatars` (`id`, `path`, `extension`, `size`, `created_at`, `updated_at`) VALUES
(1, '0772fe8664bc805002e9335fecf07b63.jpg', 'jpg', 429189.00, '2021-01-30 03:33:03', '2021-01-30 03:33:03'),
(2, 'ddd4a8fcd54180727642ccfcd7f8ecc4.png', 'png', 32851.00, '2021-01-31 00:04:19', '2021-01-31 00:04:19');

-- --------------------------------------------------------

--
-- Table structure for table `failed_jobs`
--

CREATE TABLE `failed_jobs` (
  `id` bigint(20) UNSIGNED NOT NULL,
  `uuid` varchar(255) COLLATE utf8mb4_unicode_ci NOT NULL,
  `connection` text COLLATE utf8mb4_unicode_ci NOT NULL,
  `queue` text COLLATE utf8mb4_unicode_ci NOT NULL,
  `payload` longtext COLLATE utf8mb4_unicode_ci NOT NULL,
  `exception` longtext COLLATE utf8mb4_unicode_ci NOT NULL,
  `failed_at` timestamp NOT NULL DEFAULT current_timestamp()
) ENGINE=InnoDB DEFAULT CHARSET=utf8mb4 COLLATE=utf8mb4_unicode_ci;

-- --------------------------------------------------------

--
-- Table structure for table `migrations`
--

CREATE TABLE `migrations` (
  `id` int(10) UNSIGNED NOT NULL,
  `migration` varchar(255) COLLATE utf8mb4_unicode_ci NOT NULL,
  `batch` int(11) NOT NULL
) ENGINE=InnoDB DEFAULT CHARSET=utf8mb4 COLLATE=utf8mb4_unicode_ci;

--
-- Dumping data for table `migrations`
--

INSERT INTO `migrations` (`id`, `migration`, `batch`) VALUES
(17, '2019_08_19_000000_create_failed_jobs_table', 1),
(18, '2020_11_13_065732_create_avatars_table', 1),
(19, '2020_11_13_065800_create_users_table', 1),
(20, '2020_12_02_101600_create_tokens_table', 1),
(21, '2021_01_30_182437_create_user_analyses_table', 1),
(22, '2021_02_07_035205_create_sensors_table', 1),
(23, '2021_02_07_035230_create_user_sensors_table', 1),
(24, '2021_02_07_035242_create_user_sensor_readings_table', 1);

-- --------------------------------------------------------

--
-- Table structure for table `sensors`
--

CREATE TABLE `sensors` (
  `id` bigint(20) UNSIGNED NOT NULL,
  `name` varchar(150) COLLATE utf8mb4_unicode_ci NOT NULL,
  `avatar_id` bigint(20) UNSIGNED DEFAULT NULL,
  `description` text COLLATE utf8mb4_unicode_ci DEFAULT NULL,
  `created_at` timestamp NULL DEFAULT NULL,
  `updated_at` timestamp NULL DEFAULT NULL
) ENGINE=InnoDB DEFAULT CHARSET=utf8mb4 COLLATE=utf8mb4_unicode_ci;

--
-- Dumping data for table `sensors`
--

INSERT INTO `sensors` (`id`, `name`, `avatar_id`, `description`, `created_at`, `updated_at`) VALUES
(1, 'Temperature Sensor', NULL, NULL, NULL, NULL);

-- --------------------------------------------------------

--
-- Table structure for table `tokens`
--

CREATE TABLE `tokens` (
  `id` bigint(20) UNSIGNED NOT NULL,
  `user_id` bigint(20) UNSIGNED DEFAULT NULL,
  `token` varchar(150) COLLATE utf8mb4_unicode_ci NOT NULL,
  `is_online` tinyint(1) NOT NULL DEFAULT 0,
  `created_at` timestamp NULL DEFAULT NULL,
  `updated_at` timestamp NULL DEFAULT NULL
) ENGINE=InnoDB DEFAULT CHARSET=utf8mb4 COLLATE=utf8mb4_unicode_ci;

--
-- Dumping data for table `tokens`
--

INSERT INTO `tokens` (`id`, `user_id`, `token`, `is_online`, `created_at`, `updated_at`) VALUES
(1, NULL, '518811930961ac5add955fb0703bf94f', 0, '2021-02-07 02:28:22', '2021-02-07 02:28:22'),
(2, NULL, '76f7e9e9ccaf58d0f7c5e866fc2d543f', 0, '2021-02-07 02:28:46', '2021-02-07 02:28:46'),
(3, 1, 'f6c9bfd14ff23d0f3a7785a952381e4c', 1, '2021-02-07 02:38:00', '2021-02-07 03:04:52');

-- --------------------------------------------------------

--
-- Table structure for table `users`
--

CREATE TABLE `users` (
  `id` bigint(20) UNSIGNED NOT NULL,
  `full_name` varchar(150) COLLATE utf8mb4_unicode_ci NOT NULL,
  `username` varchar(60) COLLATE utf8mb4_unicode_ci NOT NULL,
  `email` varchar(125) COLLATE utf8mb4_unicode_ci NOT NULL,
  `password` varchar(125) COLLATE utf8mb4_unicode_ci NOT NULL,
  `avatar_id` bigint(20) UNSIGNED DEFAULT NULL,
  `gender` enum('Male','Female','Other') COLLATE utf8mb4_unicode_ci DEFAULT NULL,
  `role` enum('User','Admin') COLLATE utf8mb4_unicode_ci DEFAULT NULL,
  `birth_date` date DEFAULT NULL,
  `phone_number` varchar(30) COLLATE utf8mb4_unicode_ci DEFAULT NULL,
  `address` text COLLATE utf8mb4_unicode_ci DEFAULT NULL,
  `created_at` timestamp NULL DEFAULT NULL,
  `updated_at` timestamp NULL DEFAULT NULL
) ENGINE=InnoDB DEFAULT CHARSET=utf8mb4 COLLATE=utf8mb4_unicode_ci;

--
-- Dumping data for table `users`
--

INSERT INTO `users` (`id`, `full_name`, `username`, `email`, `password`, `avatar_id`, `gender`, `role`, `birth_date`, `phone_number`, `address`, `created_at`, `updated_at`) VALUES
(1, 'Hossam M. Balaha', 'hossam.m.balaha', 'hmb@hmb.com', '$2y$10$mTwZCvOwTCqdRJuoknkgSOJXfkrFv53Hyyb1Px4WRFUJQDuSOLyom', 2, 'Male', 'User', '1993-06-12', '01092481993', 'Egypt', '2021-01-21 04:08:13', '2021-01-31 00:04:19'),
(2, 'Hadeel', 'hadeel@user.com', 'hadeel@user.com', '$2y$10$hEiJEiORP/DhT.xTddGqeuGBZ3K.QcYBZjpiun1T7ZZDT3X7wWhFe', NULL, 'Female', 'User', NULL, NULL, NULL, '2021-01-31 00:28:11', '2021-01-31 00:28:11'),
(3, 'kmgfhjlgvkj k', 'hadeel2@user.com', 'hadeel2@user.com', '$2y$10$S68HpgBcVeVMKwOoNqb7puz.i3MWiywnVEP0bXUSYA6g8oDeu6QvG', NULL, 'Female', 'User', '2021-03-14', '54561', NULL, '2021-03-24 09:35:04', '2021-03-24 09:35:04');

-- --------------------------------------------------------

--
-- Table structure for table `user_analyses`
--

CREATE TABLE `user_analyses` (
  `id` bigint(20) UNSIGNED NOT NULL,
  `user_id` bigint(20) UNSIGNED DEFAULT NULL,
  `symptoms` text COLLATE utf8mb4_unicode_ci NOT NULL,
  `disease` varchar(150) COLLATE utf8mb4_unicode_ci NOT NULL,
  `approach` varchar(150) COLLATE utf8mb4_unicode_ci NOT NULL,
  `created_at` timestamp NULL DEFAULT NULL,
  `updated_at` timestamp NULL DEFAULT NULL
) ENGINE=InnoDB DEFAULT CHARSET=utf8mb4 COLLATE=utf8mb4_unicode_ci;

--
-- Dumping data for table `user_analyses`
--

INSERT INTO `user_analyses` (`id`, `user_id`, `symptoms`, `disease`, `approach`, `created_at`, `updated_at`) VALUES
(1, 1, 'hard breathing, dizziness, nausea, hard breathing, chest pain, compressing pain, accelerated heartbeat, cough, shudder, exhaustion', 'Pneumonia', 'Naive Bayes', '2021-01-30 16:43:44', '2021-01-30 16:43:44'),
(2, 1, 'congestion, runny nose, pain in the eye', 'Hay Fever', 'Naive Bayes', '2021-01-30 16:46:07', '2021-01-30 16:46:07'),
(3, 1, 'congestion, runny nose, wheezing, pain in the nose', 'Hay Fever', 'Naive Bayes', '2021-01-30 16:46:28', '2021-01-30 16:46:28'),
(4, 1, 'runny nose, stuffy nose, decreased sense of smell, pain in the eye', 'Eczema', 'Naive Bayes', '2021-01-30 16:53:07', '2021-01-30 16:53:07'),
(5, 1, 'burning tongue, increased thirst, redness and swelling of the tonsils', 'Sore Throat', 'Naive Bayes', '2021-01-30 17:06:13', '2021-01-30 17:06:13'),
(6, 1, 'runny nose, nasal Swelling, snoring, nose bleed, tears, pain in the eye', 'Hay Fever', 'Naive Bayes', '2021-01-30 23:41:06', '2021-01-30 23:41:06'),
(7, 1, 'pain in the eye, yellowing of the eyes, photosensitivity, blurred vision, eyelid swelling', 'Sty', 'Naive Bayes', '2021-01-30 23:53:40', '2021-01-30 23:53:40'),
(8, 1, 'Nausea, Facial Pain, Face Swelling, Weak Facial Muscles, Neck Stiffnes', 'Sore Throat', 'Naive Bayes', '2021-02-01 23:53:41', '2021-02-01 23:53:41'),
(9, 1, '﻿Congestion', 'Sore Throat', 'Naive Bayes', '2021-02-01 23:54:08', '2021-02-01 23:54:08'),
(10, 1, 'Dry Eyes', 'Sore Throat', 'Naive Bayes', '2021-02-01 23:54:19', '2021-02-01 23:54:19'),
(11, 1, 'Itchy Nose Or Throat, Decreased Sense Of Smell, Nose Bleed, Yellowing Of The Eyes', 'Sore Throat', 'Naive Bayes', '2021-02-10 02:23:00', '2021-02-10 02:23:00'),
(12, 2, 'Wheezing, Pain In The Nose, Blood Congestion, Falling Eyelids, Eye Glow, Heart Palpitations', 'Sore Throat', 'Naive Bayes', '2021-03-24 09:54:45', '2021-03-24 09:54:45');

-- --------------------------------------------------------

--
-- Table structure for table `user_sensors`
--

CREATE TABLE `user_sensors` (
  `id` bigint(20) UNSIGNED NOT NULL,
  `user_id` bigint(20) UNSIGNED DEFAULT NULL,
  `sensor_id` bigint(20) UNSIGNED DEFAULT NULL,
  `created_at` timestamp NULL DEFAULT NULL,
  `updated_at` timestamp NULL DEFAULT NULL
) ENGINE=InnoDB DEFAULT CHARSET=utf8mb4 COLLATE=utf8mb4_unicode_ci;

--
-- Dumping data for table `user_sensors`
--

INSERT INTO `user_sensors` (`id`, `user_id`, `sensor_id`, `created_at`, `updated_at`) VALUES
(1, 1, 1, NULL, NULL);

-- --------------------------------------------------------

--
-- Table structure for table `user_sensor_readings`
--

CREATE TABLE `user_sensor_readings` (
  `id` bigint(20) UNSIGNED NOT NULL,
  `user_sensor_id` bigint(20) UNSIGNED DEFAULT NULL,
  `reading` double(8,2) NOT NULL DEFAULT 0.00,
  `created_at` timestamp NULL DEFAULT NULL,
  `updated_at` timestamp NULL DEFAULT NULL
) ENGINE=InnoDB DEFAULT CHARSET=utf8mb4 COLLATE=utf8mb4_unicode_ci;

--
-- Dumping data for table `user_sensor_readings`
--

INSERT INTO `user_sensor_readings` (`id`, `user_sensor_id`, `reading`, `created_at`, `updated_at`) VALUES
(1, 1, 100.00, '2021-02-07 05:06:21', '2021-02-07 05:06:21'),
(2, 1, 100.00, '2021-02-07 05:06:25', '2021-02-07 05:06:25'),
(3, 1, 1.00, '2021-02-07 05:28:43', '2021-02-07 05:28:43'),
(4, 1, 22.00, '2021-02-07 05:28:47', '2021-02-07 05:28:47'),
(5, 1, 34.00, '2021-02-07 05:28:49', '2021-02-07 05:28:49'),
(6, 1, 100.00, '2021-02-07 05:59:05', '2021-02-07 05:59:05'),
(7, 1, 300.00, '2021-02-07 05:59:14', '2021-02-07 05:59:14'),
(8, 1, 100.00, '2021-02-10 02:35:12', '2021-02-10 02:35:12'),
(9, 1, 1000.00, '2021-02-10 02:35:17', '2021-02-10 02:35:17'),
(10, 1, 48.00, '2021-02-10 02:35:20', '2021-02-10 02:35:20'),
(11, 1, 0.00, '2021-02-10 02:44:49', '2021-02-10 02:44:49'),
(12, 1, 0.00, '2021-02-10 02:44:51', '2021-02-10 02:44:51'),
(13, 1, 0.00, '2021-02-10 02:44:52', '2021-02-10 02:44:52'),
(14, 1, 0.00, '2021-02-10 02:44:54', '2021-02-10 02:44:54'),
(15, 1, 0.00, '2021-02-10 02:44:56', '2021-02-10 02:44:56'),
(16, 1, 0.00, '2021-02-10 02:45:00', '2021-02-10 02:45:00'),
(17, 1, 0.00, '2021-02-10 02:45:01', '2021-02-10 02:45:01'),
(18, 1, 0.00, '2021-02-10 02:45:02', '2021-02-10 02:45:02'),
(19, 1, 0.00, '2021-02-10 02:45:04', '2021-02-10 02:45:04'),
(20, 1, 0.00, '2021-02-10 02:45:06', '2021-02-10 02:45:06'),
(21, 1, 0.00, '2021-02-10 02:45:07', '2021-02-10 02:45:07'),
(22, 1, 0.00, '2021-02-10 02:45:11', '2021-02-10 02:45:11'),
(23, 1, 0.00, '2021-02-10 02:45:13', '2021-02-10 02:45:13'),
(24, 1, 0.00, '2021-02-10 02:45:14', '2021-02-10 02:45:14'),
(25, 1, 0.00, '2021-02-10 02:45:18', '2021-02-10 02:45:18'),
(26, 1, 0.00, '2021-02-10 02:45:19', '2021-02-10 02:45:19'),
(27, 1, 0.00, '2021-02-10 02:45:21', '2021-02-10 02:45:21'),
(28, 1, 0.00, '2021-02-10 02:45:24', '2021-02-10 02:45:24'),
(29, 1, 0.00, '2021-02-10 02:45:26', '2021-02-10 02:45:26'),
(30, 1, 0.00, '2021-02-10 02:45:32', '2021-02-10 02:45:32'),
(31, 1, 0.00, '2021-02-10 02:45:34', '2021-02-10 02:45:34'),
(32, 1, 0.00, '2021-02-10 02:45:50', '2021-02-10 02:45:50'),
(33, 1, 0.00, '2021-02-10 02:45:50', '2021-02-10 02:45:50'),
(34, 1, 0.00, '2021-02-10 02:45:51', '2021-02-10 02:45:51'),
(35, 1, 0.00, '2021-02-10 02:45:51', '2021-02-10 02:45:51'),
(36, 1, 0.00, '2021-02-10 02:45:52', '2021-02-10 02:45:52'),
(37, 1, 0.00, '2021-02-10 02:45:53', '2021-02-10 02:45:53'),
(38, 1, 0.00, '2021-02-10 02:45:55', '2021-02-10 02:45:55'),
(39, 1, 0.00, '2021-02-10 02:45:57', '2021-02-10 02:45:57'),
(40, 1, 0.00, '2021-02-10 02:46:03', '2021-02-10 02:46:03'),
(41, 1, 0.00, '2021-02-10 02:46:04', '2021-02-10 02:46:04'),
(42, 1, 0.00, '2021-02-10 02:46:04', '2021-02-10 02:46:04'),
(43, 1, 0.00, '2021-02-10 02:46:05', '2021-02-10 02:46:05'),
(44, 1, 0.00, '2021-02-10 02:46:06', '2021-02-10 02:46:06'),
(45, 1, 0.00, '2021-02-10 02:46:08', '2021-02-10 02:46:08'),
(46, 1, 0.00, '2021-02-10 02:46:10', '2021-02-10 02:46:10'),
(47, 1, 0.00, '2021-02-10 02:46:12', '2021-02-10 02:46:12'),
(48, 1, 0.00, '2021-02-10 02:46:19', '2021-02-10 02:46:19'),
(49, 1, 0.00, '2021-02-10 02:46:20', '2021-02-10 02:46:20'),
(50, 1, 0.00, '2021-02-10 02:46:22', '2021-02-10 02:46:22'),
(51, 1, 0.00, '2021-02-10 02:46:24', '2021-02-10 02:46:24'),
(52, 1, 0.00, '2021-02-10 02:46:25', '2021-02-10 02:46:25'),
(53, 1, 0.00, '2021-02-10 02:46:27', '2021-02-10 02:46:27'),
(54, 1, 0.00, '2021-02-10 02:46:29', '2021-02-10 02:46:29'),
(55, 1, 0.00, '2021-02-10 02:46:31', '2021-02-10 02:46:31'),
(56, 1, 0.00, '2021-02-10 02:46:32', '2021-02-10 02:46:32'),
(57, 1, 0.00, '2021-02-10 02:46:34', '2021-02-10 02:46:34'),
(58, 1, 0.00, '2021-02-10 02:46:36', '2021-02-10 02:46:36'),
(59, 1, 0.00, '2021-02-10 02:46:38', '2021-02-10 02:46:38'),
(60, 1, 0.00, '2021-02-10 02:46:39', '2021-02-10 02:46:39'),
(61, 1, 0.00, '2021-02-10 02:46:41', '2021-02-10 02:46:41'),
(62, 1, 0.00, '2021-02-10 02:46:43', '2021-02-10 02:46:43'),
(63, 1, 0.00, '2021-02-10 02:46:44', '2021-02-10 02:46:44'),
(64, 1, 0.00, '2021-02-10 02:46:46', '2021-02-10 02:46:46'),
(65, 1, 0.00, '2021-02-10 02:46:48', '2021-02-10 02:46:48'),
(66, 1, 0.00, '2021-02-10 02:46:49', '2021-02-10 02:46:49'),
(67, 1, 0.00, '2021-02-10 02:46:51', '2021-02-10 02:46:51'),
(68, 1, 0.00, '2021-02-10 02:46:53', '2021-02-10 02:46:53'),
(69, 1, 0.00, '2021-02-10 02:46:54', '2021-02-10 02:46:54'),
(70, 1, 0.00, '2021-02-10 02:46:56', '2021-02-10 02:46:56'),
(71, 1, 0.00, '2021-02-10 02:46:58', '2021-02-10 02:46:58'),
(72, 1, 0.00, '2021-02-10 02:47:00', '2021-02-10 02:47:00'),
(73, 1, 0.00, '2021-02-10 02:47:01', '2021-02-10 02:47:01'),
(74, 1, 0.00, '2021-02-10 02:47:03', '2021-02-10 02:47:03'),
(75, 1, 0.00, '2021-02-10 02:47:05', '2021-02-10 02:47:05'),
(76, 1, 0.00, '2021-02-10 02:47:06', '2021-02-10 02:47:06'),
(77, 1, 0.00, '2021-02-10 02:47:08', '2021-02-10 02:47:08'),
(78, 1, 0.00, '2021-02-10 02:47:10', '2021-02-10 02:47:10'),
(79, 1, 0.00, '2021-02-10 02:47:11', '2021-02-10 02:47:11'),
(80, 1, 0.00, '2021-02-10 02:47:13', '2021-02-10 02:47:13'),
(81, 1, 0.00, '2021-02-10 02:47:15', '2021-02-10 02:47:15'),
(82, 1, 0.00, '2021-02-10 02:47:16', '2021-02-10 02:47:16'),
(83, 1, 0.00, '2021-02-10 02:47:18', '2021-02-10 02:47:18'),
(84, 1, 0.00, '2021-02-10 02:47:20', '2021-02-10 02:47:20'),
(85, 1, 0.00, '2021-02-10 02:47:22', '2021-02-10 02:47:22'),
(86, 1, 0.00, '2021-02-10 02:47:23', '2021-02-10 02:47:23'),
(87, 1, 0.00, '2021-02-10 02:47:25', '2021-02-10 02:47:25'),
(88, 1, 0.00, '2021-02-10 02:47:27', '2021-02-10 02:47:27'),
(89, 1, 0.00, '2021-02-10 02:47:28', '2021-02-10 02:47:28'),
(90, 1, 0.00, '2021-02-10 02:47:30', '2021-02-10 02:47:30'),
(91, 1, 0.00, '2021-02-10 02:47:32', '2021-02-10 02:47:32'),
(92, 1, 0.00, '2021-02-10 02:47:34', '2021-02-10 02:47:34'),
(93, 1, 0.00, '2021-02-10 02:47:35', '2021-02-10 02:47:35'),
(94, 1, 0.00, '2021-02-10 02:47:37', '2021-02-10 02:47:37'),
(95, 1, 0.00, '2021-02-10 02:47:39', '2021-02-10 02:47:39'),
(96, 1, 0.00, '2021-02-10 02:47:40', '2021-02-10 02:47:40'),
(97, 1, 100.00, '2021-02-10 02:47:47', '2021-02-10 02:47:47'),
(98, 1, 100.00, '2021-02-10 02:47:48', '2021-02-10 02:47:48'),
(99, 1, 100.00, '2021-02-10 02:47:50', '2021-02-10 02:47:50'),
(100, 1, 100.00, '2021-02-10 02:47:52', '2021-02-10 02:47:52'),
(101, 1, 100.00, '2021-02-10 02:47:53', '2021-02-10 02:47:53'),
(102, 1, 100.00, '2021-02-10 02:47:55', '2021-02-10 02:47:55'),
(103, 1, 100.00, '2021-02-10 02:47:57', '2021-02-10 02:47:57'),
(104, 1, 100.00, '2021-02-10 02:47:58', '2021-02-10 02:47:58'),
(105, 1, 100.00, '2021-02-10 02:48:00', '2021-02-10 02:48:00'),
(106, 1, 100.00, '2021-02-10 02:48:02', '2021-02-10 02:48:02'),
(107, 1, 100.00, '2021-02-10 02:48:05', '2021-02-10 02:48:05'),
(108, 1, 100.00, '2021-02-10 02:48:05', '2021-02-10 02:48:05'),
(109, 1, 100.00, '2021-02-10 02:48:07', '2021-02-10 02:48:07'),
(110, 1, 100.00, '2021-02-10 02:48:09', '2021-02-10 02:48:09'),
(111, 1, 100.00, '2021-02-10 02:48:10', '2021-02-10 02:48:10'),
(112, 1, 100.00, '2021-02-10 02:48:12', '2021-02-10 02:48:12'),
(113, 1, 100.00, '2021-02-10 02:48:14', '2021-02-10 02:48:14'),
(114, 1, 100.00, '2021-02-10 02:48:15', '2021-02-10 02:48:15'),
(115, 1, 100.00, '2021-02-10 02:48:17', '2021-02-10 02:48:17'),
(116, 1, 100.00, '2021-02-10 02:48:19', '2021-02-10 02:48:19'),
(117, 1, 100.00, '2021-02-10 02:48:21', '2021-02-10 02:48:21'),
(118, 1, 100.00, '2021-02-10 02:48:22', '2021-02-10 02:48:22'),
(119, 1, 100.00, '2021-02-10 02:48:24', '2021-02-10 02:48:24'),
(120, 1, 100.00, '2021-02-10 02:48:26', '2021-02-10 02:48:26'),
(121, 1, 100.00, '2021-02-10 02:48:27', '2021-02-10 02:48:27'),
(122, 1, 100.00, '2021-02-10 02:48:29', '2021-02-10 02:48:29'),
(123, 1, 100.00, '2021-02-10 02:48:31', '2021-02-10 02:48:31'),
(124, 1, 100.00, '2021-02-10 02:48:32', '2021-02-10 02:48:32'),
(125, 1, 100.00, '2021-02-10 02:48:34', '2021-02-10 02:48:34'),
(126, 1, 100.00, '2021-02-10 02:48:36', '2021-02-10 02:48:36'),
(127, 1, 100.00, '2021-02-10 02:48:39', '2021-02-10 02:48:39'),
(128, 1, 100.00, '2021-02-10 02:48:40', '2021-02-10 02:48:40'),
(129, 1, 100.00, '2021-02-10 02:48:41', '2021-02-10 02:48:41'),
(130, 1, 100.00, '2021-02-10 02:48:43', '2021-02-10 02:48:43'),
(131, 1, 100.00, '2021-02-10 02:48:44', '2021-02-10 02:48:44'),
(132, 1, 100.00, '2021-02-10 02:48:47', '2021-02-10 02:48:47'),
(133, 1, 100.00, '2021-02-10 02:48:48', '2021-02-10 02:48:48'),
(134, 1, 100.00, '2021-02-10 02:48:49', '2021-02-10 02:48:49'),
(135, 1, 100.00, '2021-02-10 02:48:51', '2021-02-10 02:48:51'),
(136, 1, 100.00, '2021-02-10 02:48:53', '2021-02-10 02:48:53'),
(137, 1, 100.00, '2021-02-10 02:48:55', '2021-02-10 02:48:55'),
(138, 1, 100.00, '2021-02-10 02:48:56', '2021-02-10 02:48:56'),
(139, 1, 100.00, '2021-02-10 02:48:58', '2021-02-10 02:48:58'),
(140, 1, 100.00, '2021-02-10 02:49:00', '2021-02-10 02:49:00'),
(141, 1, 100.00, '2021-02-10 02:49:01', '2021-02-10 02:49:01'),
(142, 1, 100.00, '2021-02-10 02:49:03', '2021-02-10 02:49:03'),
(143, 1, 100.00, '2021-02-10 02:49:05', '2021-02-10 02:49:05'),
(144, 1, 100.00, '2021-02-10 02:49:06', '2021-02-10 02:49:06'),
(145, 1, 100.00, '2021-02-10 02:49:08', '2021-02-10 02:49:08'),
(146, 1, 100.00, '2021-02-10 02:49:11', '2021-02-10 02:49:11'),
(147, 1, 100.00, '2021-02-10 02:49:11', '2021-02-10 02:49:11'),
(148, 1, 100.00, '2021-02-10 02:49:13', '2021-02-10 02:49:13'),
(149, 1, 100.00, '2021-02-10 02:49:15', '2021-02-10 02:49:15'),
(150, 1, 100.00, '2021-02-10 02:49:17', '2021-02-10 02:49:17'),
(151, 1, 100.00, '2021-02-10 02:49:18', '2021-02-10 02:49:18'),
(152, 1, 100.00, '2021-02-10 02:49:20', '2021-02-10 02:49:20'),
(153, 1, 100.00, '2021-02-10 02:49:22', '2021-02-10 02:49:22'),
(154, 1, 100.00, '2021-02-10 02:49:23', '2021-02-10 02:49:23'),
(155, 1, 100.00, '2021-02-10 02:49:25', '2021-02-10 02:49:25'),
(156, 1, 100.00, '2021-02-10 02:49:27', '2021-02-10 02:49:27'),
(157, 1, 100.00, '2021-02-10 02:49:29', '2021-02-10 02:49:29'),
(158, 1, 100.00, '2021-02-10 02:49:30', '2021-02-10 02:49:30'),
(159, 1, 100.00, '2021-02-10 02:49:32', '2021-02-10 02:49:32'),
(160, 1, 100.00, '2021-02-10 02:49:34', '2021-02-10 02:49:34'),
(161, 1, 100.00, '2021-02-10 02:49:35', '2021-02-10 02:49:35'),
(162, 1, 100.00, '2021-02-10 02:49:37', '2021-02-10 02:49:37'),
(163, 1, 100.00, '2021-02-10 02:49:39', '2021-02-10 02:49:39'),
(164, 1, 100.00, '2021-02-10 02:49:40', '2021-02-10 02:49:40'),
(165, 1, 100.00, '2021-02-10 02:49:42', '2021-02-10 02:49:42'),
(166, 1, 100.00, '2021-02-10 02:49:44', '2021-02-10 02:49:44'),
(167, 1, 100.00, '2021-02-10 02:49:45', '2021-02-10 02:49:45'),
(168, 1, 100.00, '2021-02-10 02:49:47', '2021-02-10 02:49:47'),
(169, 1, 100.00, '2021-02-10 02:49:49', '2021-02-10 02:49:49'),
(170, 1, 100.00, '2021-02-10 02:49:51', '2021-02-10 02:49:51'),
(171, 1, 100.00, '2021-02-10 02:49:52', '2021-02-10 02:49:52'),
(172, 1, 100.00, '2021-02-10 02:49:54', '2021-02-10 02:49:54'),
(173, 1, 100.00, '2021-02-10 02:49:56', '2021-02-10 02:49:56'),
(174, 1, 100.00, '2021-02-10 02:49:57', '2021-02-10 02:49:57'),
(175, 1, 0.00, '2021-02-10 02:51:06', '2021-02-10 02:51:06'),
(176, 1, 0.00, '2021-02-10 02:51:11', '2021-02-10 02:51:11'),
(177, 1, 0.00, '2021-02-10 02:51:13', '2021-02-10 02:51:13'),
(178, 1, 0.00, '2021-02-10 02:51:15', '2021-02-10 02:51:15'),
(179, 1, 0.00, '2021-02-10 02:51:16', '2021-02-10 02:51:16'),
(180, 1, 0.00, '2021-02-10 02:51:18', '2021-02-10 02:51:18'),
(181, 1, 0.00, '2021-02-10 02:51:20', '2021-02-10 02:51:20'),
(182, 1, 0.00, '2021-02-10 02:51:22', '2021-02-10 02:51:22'),
(183, 1, 0.00, '2021-02-10 02:51:23', '2021-02-10 02:51:23'),
(184, 1, 0.00, '2021-02-10 02:51:26', '2021-02-10 02:51:26'),
(185, 1, 0.00, '2021-02-10 02:51:27', '2021-02-10 02:51:27'),
(186, 1, 0.00, '2021-02-10 02:51:28', '2021-02-10 02:51:28'),
(187, 1, 0.00, '2021-02-10 02:51:30', '2021-02-10 02:51:30'),
(188, 1, 0.00, '2021-02-10 02:51:32', '2021-02-10 02:51:32'),
(189, 1, 0.00, '2021-02-10 02:51:33', '2021-02-10 02:51:33'),
(190, 1, 0.00, '2021-02-10 02:51:35', '2021-02-10 02:51:35'),
(191, 1, 0.00, '2021-02-10 02:51:37', '2021-02-10 02:51:37'),
(192, 1, 0.00, '2021-02-10 02:51:40', '2021-02-10 02:51:40'),
(193, 1, 0.00, '2021-02-10 02:51:42', '2021-02-10 02:51:42'),
(194, 1, 0.00, '2021-02-10 02:51:43', '2021-02-10 02:51:43'),
(195, 1, 0.00, '2021-02-10 02:51:45', '2021-02-10 02:51:45'),
(196, 1, 0.00, '2021-02-10 02:51:47', '2021-02-10 02:51:47'),
(197, 1, 0.00, '2021-02-10 02:51:49', '2021-02-10 02:51:49'),
(198, 1, 0.00, '2021-02-10 02:51:50', '2021-02-10 02:51:50'),
(199, 1, 0.00, '2021-02-10 02:51:52', '2021-02-10 02:51:52'),
(200, 1, 0.00, '2021-02-10 02:51:54', '2021-02-10 02:51:54'),
(201, 1, 823.00, '2021-02-10 02:52:00', '2021-02-10 02:52:00'),
(202, 1, 7.00, '2021-02-10 02:52:01', '2021-02-10 02:52:01'),
(203, 1, 347.00, '2021-02-10 02:52:03', '2021-02-10 02:52:03'),
(204, 1, 587.00, '2021-02-10 02:52:05', '2021-02-10 02:52:05'),
(205, 1, 184.00, '2021-02-10 02:52:06', '2021-02-10 02:52:06'),
(206, 1, 953.00, '2021-02-10 02:52:08', '2021-02-10 02:52:08'),
(207, 1, 672.00, '2021-02-10 02:52:10', '2021-02-10 02:52:10'),
(208, 1, 188.00, '2021-02-10 02:52:11', '2021-02-10 02:52:11'),
(209, 1, 161.00, '2021-02-10 02:52:13', '2021-02-10 02:52:13'),
(210, 1, 955.00, '2021-02-10 02:52:16', '2021-02-10 02:52:16'),
(211, 1, 828.00, '2021-02-10 02:52:16', '2021-02-10 02:52:16'),
(212, 1, 719.00, '2021-02-10 02:52:18', '2021-02-10 02:52:18'),
(213, 1, 762.00, '2021-02-10 02:52:20', '2021-02-10 02:52:20'),
(214, 1, 359.00, '2021-02-10 02:52:21', '2021-02-10 02:52:21'),
(215, 1, 909.00, '2021-02-10 02:52:23', '2021-02-10 02:52:23'),
(216, 1, 164.00, '2021-02-10 02:52:25', '2021-02-10 02:52:25'),
(217, 1, 52.00, '2021-02-10 02:52:27', '2021-02-10 02:52:27'),
(218, 1, 277.00, '2021-02-10 02:52:28', '2021-02-10 02:52:28'),
(219, 1, 43.00, '2021-02-10 02:52:30', '2021-02-10 02:52:30'),
(220, 1, 298.00, '2021-02-10 02:52:32', '2021-02-10 02:52:32'),
(221, 1, 744.00, '2021-02-10 02:52:33', '2021-02-10 02:52:33'),
(222, 1, 478.00, '2021-02-10 02:52:35', '2021-02-10 02:52:35'),
(223, 1, 792.00, '2021-02-10 02:52:37', '2021-02-10 02:52:37'),
(224, 1, 254.00, '2021-02-10 02:52:38', '2021-02-10 02:52:38'),
(225, 1, 508.00, '2021-02-10 02:52:40', '2021-02-10 02:52:40'),
(226, 1, 636.00, '2021-02-10 02:52:42', '2021-02-10 02:52:42'),
(227, 1, 789.00, '2021-02-10 02:52:44', '2021-02-10 02:52:44'),
(228, 1, 963.00, '2021-02-10 02:52:45', '2021-02-10 02:52:45'),
(229, 1, 62.00, '2021-02-10 02:52:47', '2021-02-10 02:52:47'),
(230, 1, 637.00, '2021-02-10 02:52:49', '2021-02-10 02:52:49'),
(231, 1, 952.00, '2021-02-10 02:52:50', '2021-02-10 02:52:50'),
(232, 1, 272.00, '2021-02-10 02:52:52', '2021-02-10 02:52:52'),
(233, 1, 689.00, '2021-02-10 02:52:55', '2021-02-10 02:52:55'),
(234, 1, 298.00, '2021-02-10 02:52:56', '2021-02-10 02:52:56'),
(235, 1, 116.00, '2021-02-10 02:52:57', '2021-02-10 02:52:57'),
(236, 1, 216.00, '2021-02-10 02:52:59', '2021-02-10 02:52:59'),
(237, 1, 919.00, '2021-02-10 02:53:01', '2021-02-10 02:53:01'),
(238, 1, 154.00, '2021-02-10 02:53:02', '2021-02-10 02:53:02'),
(239, 1, 945.00, '2021-02-10 02:53:04', '2021-02-10 02:53:04'),
(240, 1, 165.00, '2021-02-10 02:53:06', '2021-02-10 02:53:06'),
(241, 1, 10.00, '2021-02-10 02:53:07', '2021-02-10 02:53:07'),
(242, 1, 794.00, '2021-02-10 02:53:13', '2021-02-10 02:53:13'),
(243, 1, 847.00, '2021-02-10 02:53:14', '2021-02-10 02:53:14'),
(244, 1, 774.00, '2021-02-10 02:53:15', '2021-02-10 02:53:15'),
(245, 1, 11.00, '2021-02-10 02:53:16', '2021-02-10 02:53:16'),
(246, 1, 992.00, '2021-02-10 02:53:16', '2021-02-10 02:53:16'),
(247, 1, 11.00, '2021-02-10 02:53:18', '2021-02-10 02:53:18'),
(248, 1, 886.00, '2021-02-10 02:53:20', '2021-02-10 02:53:20'),
(249, 1, 420.00, '2021-02-10 02:53:21', '2021-02-10 02:53:21'),
(250, 1, 481.00, '2021-02-10 02:53:23', '2021-02-10 02:53:23'),
(251, 1, 683.00, '2021-02-10 02:53:25', '2021-02-10 02:53:25'),
(252, 1, 101.00, '2021-02-10 02:53:26', '2021-02-10 02:53:26'),
(253, 1, 835.00, '2021-02-10 02:53:28', '2021-02-10 02:53:28'),
(254, 1, 892.00, '2021-02-10 02:53:30', '2021-02-10 02:53:30'),
(255, 1, 955.00, '2021-02-10 02:53:31', '2021-02-10 02:53:31'),
(256, 1, 419.00, '2021-02-10 02:53:33', '2021-02-10 02:53:33'),
(257, 1, 957.00, '2021-02-10 02:53:35', '2021-02-10 02:53:35'),
(258, 1, 827.00, '2021-02-10 02:53:37', '2021-02-10 02:53:37'),
(259, 1, 993.00, '2021-02-10 02:53:38', '2021-02-10 02:53:38'),
(260, 1, 94.00, '2021-02-10 02:53:40', '2021-02-10 02:53:40'),
(261, 1, 394.00, '2021-02-10 02:53:41', '2021-02-10 02:53:41'),
(262, 1, 205.00, '2021-02-10 02:53:44', '2021-02-10 02:53:44'),
(263, 1, 387.00, '2021-02-10 02:53:45', '2021-02-10 02:53:45'),
(264, 1, 827.00, '2021-02-10 02:53:46', '2021-02-10 02:53:46'),
(265, 1, 719.00, '2021-02-10 02:53:49', '2021-02-10 02:53:49'),
(266, 1, 721.00, '2021-02-10 02:53:50', '2021-02-10 02:53:50'),
(267, 1, 90.00, '2021-02-10 02:53:52', '2021-02-10 02:53:52'),
(268, 1, 450.00, '2021-02-10 02:53:54', '2021-02-10 02:53:54'),
(269, 1, 573.00, '2021-02-10 02:53:55', '2021-02-10 02:53:55'),
(270, 1, 466.00, '2021-02-10 02:53:57', '2021-02-10 02:53:57'),
(271, 1, 634.00, '2021-02-10 02:53:59', '2021-02-10 02:53:59'),
(272, 1, 745.00, '2021-02-10 02:54:00', '2021-02-10 02:54:00'),
(273, 1, 259.00, '2021-02-10 02:54:02', '2021-02-10 02:54:02'),
(274, 1, 385.00, '2021-02-10 02:54:04', '2021-02-10 02:54:04'),
(275, 1, 627.00, '2021-02-10 02:54:05', '2021-02-10 02:54:05'),
(276, 1, 202.00, '2021-02-10 02:54:07', '2021-02-10 02:54:07'),
(277, 1, 824.00, '2021-02-10 02:54:09', '2021-02-10 02:54:09'),
(278, 1, 198.00, '2021-02-10 02:54:10', '2021-02-10 02:54:10'),
(279, 1, 401.00, '2021-02-10 02:54:12', '2021-02-10 02:54:12'),
(280, 1, 326.00, '2021-02-10 02:54:14', '2021-02-10 02:54:14'),
(281, 1, 618.00, '2021-02-10 02:54:15', '2021-02-10 02:54:15'),
(282, 1, 583.00, '2021-02-10 02:54:17', '2021-02-10 02:54:17'),
(283, 1, 738.00, '2021-02-10 02:54:19', '2021-02-10 02:54:19'),
(284, 1, 427.00, '2021-02-10 02:54:21', '2021-02-10 02:54:21'),
(285, 1, 929.00, '2021-02-10 02:54:22', '2021-02-10 02:54:22'),
(286, 1, 482.00, '2021-02-10 02:54:25', '2021-02-10 02:54:25'),
(287, 1, 717.00, '2021-02-10 02:54:26', '2021-02-10 02:54:26'),
(288, 1, 773.00, '2021-02-10 02:54:27', '2021-02-10 02:54:27'),
(289, 1, 918.00, '2021-02-10 02:54:29', '2021-02-10 02:54:29'),
(290, 1, 402.00, '2021-02-10 02:54:31', '2021-02-10 02:54:31'),
(291, 1, 471.00, '2021-02-10 02:54:33', '2021-02-10 02:54:33'),
(292, 1, 602.00, '2021-02-10 02:54:34', '2021-02-10 02:54:34'),
(293, 1, 59.00, '2021-02-10 02:54:36', '2021-02-10 02:54:36'),
(294, 1, 232.00, '2021-02-10 02:54:38', '2021-02-10 02:54:38'),
(295, 1, 429.00, '2021-02-10 02:54:39', '2021-02-10 02:54:39'),
(296, 1, 116.00, '2021-02-10 02:54:41', '2021-02-10 02:54:41'),
(297, 1, 538.00, '2021-02-10 02:54:42', '2021-02-10 02:54:42'),
(298, 1, 276.00, '2021-02-10 02:54:44', '2021-02-10 02:54:44'),
(299, 1, 371.00, '2021-02-10 02:54:46', '2021-02-10 02:54:46'),
(300, 1, 90.00, '2021-02-10 02:54:48', '2021-02-10 02:54:48'),
(301, 1, 507.00, '2021-02-10 02:54:49', '2021-02-10 02:54:49'),
(302, 1, 747.00, '2021-02-10 02:54:51', '2021-02-10 02:54:51'),
(303, 1, 272.00, '2021-02-10 02:54:53', '2021-02-10 02:54:53'),
(304, 1, 167.00, '2021-02-10 02:54:54', '2021-02-10 02:54:54'),
(305, 1, 578.00, '2021-02-10 02:54:56', '2021-02-10 02:54:56'),
(306, 1, 206.00, '2021-02-10 02:54:58', '2021-02-10 02:54:58'),
(307, 1, 55.00, '2021-02-10 02:54:59', '2021-02-10 02:54:59'),
(308, 1, 450.00, '2021-02-10 02:55:01', '2021-02-10 02:55:01'),
(309, 1, 165.00, '2021-02-10 02:55:03', '2021-02-10 02:55:03'),
(310, 1, 453.00, '2021-02-10 02:55:05', '2021-02-10 02:55:05'),
(311, 1, 284.00, '2021-02-10 02:55:06', '2021-02-10 02:55:06'),
(312, 1, 785.00, '2021-02-10 02:55:08', '2021-02-10 02:55:08'),
(313, 1, 896.00, '2021-02-10 02:55:10', '2021-02-10 02:55:10'),
(314, 1, 933.00, '2021-02-10 02:55:11', '2021-02-10 02:55:11'),
(315, 1, 831.00, '2021-02-10 02:55:13', '2021-02-10 02:55:13'),
(316, 1, 374.00, '2021-02-10 02:55:15', '2021-02-10 02:55:15'),
(317, 1, 583.00, '2021-02-10 02:55:16', '2021-02-10 02:55:16'),
(318, 1, 736.00, '2021-02-10 02:55:18', '2021-02-10 02:55:18'),
(319, 1, 332.00, '2021-02-10 02:55:20', '2021-02-10 02:55:20'),
(320, 1, 782.00, '2021-02-10 02:55:21', '2021-02-10 02:55:21'),
(321, 1, 855.00, '2021-02-10 02:55:23', '2021-02-10 02:55:23'),
(322, 1, 820.00, '2021-02-10 02:55:25', '2021-02-10 02:55:25'),
(323, 1, 42.00, '2021-02-10 02:55:26', '2021-02-10 02:55:26'),
(324, 1, 586.00, '2021-02-10 02:55:28', '2021-02-10 02:55:28'),
(325, 1, 169.00, '2021-02-10 02:55:30', '2021-02-10 02:55:30'),
(326, 1, 819.00, '2021-02-10 02:55:32', '2021-02-10 02:55:32'),
(327, 1, 248.00, '2021-02-10 02:55:33', '2021-02-10 02:55:33'),
(328, 1, 250.00, '2021-02-10 02:55:35', '2021-02-10 02:55:35'),
(329, 1, 865.00, '2021-02-10 02:55:37', '2021-02-10 02:55:37'),
(330, 1, 555.00, '2021-02-10 02:55:38', '2021-02-10 02:55:38'),
(331, 1, 646.00, '2021-02-10 02:55:40', '2021-02-10 02:55:40'),
(332, 1, 52.00, '2021-02-10 02:55:42', '2021-02-10 02:55:42'),
(333, 1, 247.00, '2021-02-10 02:55:43', '2021-02-10 02:55:43'),
(334, 1, 496.00, '2021-02-10 02:55:45', '2021-02-10 02:55:45'),
(335, 1, 127.00, '2021-02-10 02:55:47', '2021-02-10 02:55:47'),
(336, 1, 288.00, '2021-02-10 02:55:49', '2021-02-10 02:55:49'),
(337, 1, 954.00, '2021-02-10 02:55:50', '2021-02-10 02:55:50'),
(338, 1, 853.00, '2021-02-10 02:55:52', '2021-02-10 02:55:52'),
(339, 1, 906.00, '2021-02-10 02:55:54', '2021-02-10 02:55:54'),
(340, 1, 578.00, '2021-02-10 02:55:55', '2021-02-10 02:55:55'),
(341, 1, 107.00, '2021-02-10 02:55:57', '2021-02-10 02:55:57'),
(342, 1, 609.00, '2021-02-10 02:55:59', '2021-02-10 02:55:59'),
(343, 1, 248.00, '2021-02-10 02:56:00', '2021-02-10 02:56:00'),
(344, 1, 528.00, '2021-02-10 02:56:02', '2021-02-10 02:56:02'),
(345, 1, 361.00, '2021-02-10 02:56:04', '2021-02-10 02:56:04'),
(346, 1, 488.00, '2021-02-10 02:56:06', '2021-02-10 02:56:06'),
(347, 1, 500.00, '2021-02-10 02:56:07', '2021-02-10 02:56:07'),
(348, 1, 4.00, '2021-02-10 02:56:09', '2021-02-10 02:56:09'),
(349, 1, 314.00, '2021-02-10 02:56:11', '2021-02-10 02:56:11'),
(350, 1, 133.00, '2021-02-10 02:56:12', '2021-02-10 02:56:12'),
(351, 1, 467.00, '2021-02-10 02:56:14', '2021-02-10 02:56:14'),
(352, 1, 100.00, '2021-02-10 02:56:16', '2021-02-10 02:56:16'),
(353, 1, 15.00, '2021-02-10 02:56:17', '2021-02-10 02:56:17'),
(354, 1, 723.00, '2021-02-10 02:56:19', '2021-02-10 02:56:19'),
(355, 1, 723.00, '2021-02-10 02:56:21', '2021-02-10 02:56:21'),
(356, 1, 920.00, '2021-02-10 02:56:22', '2021-02-10 02:56:22'),
(357, 1, 673.00, '2021-02-10 02:56:24', '2021-02-10 02:56:24'),
(358, 1, 716.00, '2021-02-10 02:56:26', '2021-02-10 02:56:26'),
(359, 1, 190.00, '2021-02-10 02:56:28', '2021-02-10 02:56:28'),
(360, 1, 438.00, '2021-02-10 02:56:29', '2021-02-10 02:56:29'),
(361, 1, 891.00, '2021-02-10 02:56:31', '2021-02-10 02:56:31'),
(362, 1, 659.00, '2021-02-10 02:56:33', '2021-02-10 02:56:33'),
(363, 1, 695.00, '2021-02-10 02:56:35', '2021-02-10 02:56:35'),
(364, 1, 683.00, '2021-02-10 02:56:36', '2021-02-10 02:56:36'),
(365, 1, 234.00, '2021-02-10 02:56:38', '2021-02-10 02:56:38'),
(366, 1, 361.00, '2021-02-10 02:56:40', '2021-02-10 02:56:40'),
(367, 1, 33.00, '2021-02-10 02:56:41', '2021-02-10 02:56:41'),
(368, 1, 137.00, '2021-02-10 02:56:43', '2021-02-10 02:56:43'),
(369, 1, 115.00, '2021-02-10 02:56:45', '2021-02-10 02:56:45'),
(370, 1, 556.00, '2021-02-10 02:56:46', '2021-02-10 02:56:46'),
(371, 1, 233.00, '2021-02-10 02:56:48', '2021-02-10 02:56:48'),
(372, 1, 213.00, '2021-02-10 02:56:50', '2021-02-10 02:56:50'),
(373, 1, 502.00, '2021-02-10 02:56:51', '2021-02-10 02:56:51'),
(374, 1, 405.00, '2021-02-10 02:56:53', '2021-02-10 02:56:53'),
(375, 1, 604.00, '2021-02-10 02:56:55', '2021-02-10 02:56:55'),
(376, 1, 934.00, '2021-02-10 02:56:56', '2021-02-10 02:56:56'),
(377, 1, 530.00, '2021-02-10 02:56:58', '2021-02-10 02:56:58'),
(378, 1, 594.00, '2021-02-10 02:57:00', '2021-02-10 02:57:00'),
(379, 1, 115.00, '2021-02-10 02:57:02', '2021-02-10 02:57:02'),
(380, 1, 690.00, '2021-02-10 02:57:03', '2021-02-10 02:57:03'),
(381, 1, 733.00, '2021-02-10 02:57:05', '2021-02-10 02:57:05'),
(382, 1, 496.00, '2021-02-10 02:57:07', '2021-02-10 02:57:07'),
(383, 1, 206.00, '2021-02-10 02:57:08', '2021-02-10 02:57:08'),
(384, 1, 297.00, '2021-02-10 02:57:10', '2021-02-10 02:57:10'),
(385, 1, 47.00, '2021-02-10 02:57:12', '2021-02-10 02:57:12'),
(386, 1, 90.00, '2021-02-10 02:57:13', '2021-02-10 02:57:13'),
(387, 1, 370.00, '2021-02-10 02:57:15', '2021-02-10 02:57:15'),
(388, 1, 733.00, '2021-02-10 02:57:17', '2021-02-10 02:57:17'),
(389, 1, 301.00, '2021-02-10 02:57:18', '2021-02-10 02:57:18'),
(390, 1, 952.00, '2021-02-10 02:57:20', '2021-02-10 02:57:20'),
(391, 1, 185.00, '2021-02-10 02:57:22', '2021-02-10 02:57:22'),
(392, 1, 587.00, '2021-02-10 02:57:24', '2021-02-10 02:57:24'),
(393, 1, 361.00, '2021-02-10 02:57:25', '2021-02-10 02:57:25'),
(394, 1, 372.00, '2021-02-10 02:57:27', '2021-02-10 02:57:27'),
(395, 1, 411.00, '2021-02-10 02:57:29', '2021-02-10 02:57:29'),
(396, 1, 191.00, '2021-02-10 02:57:31', '2021-02-10 02:57:31'),
(397, 1, 133.00, '2021-02-10 02:57:32', '2021-02-10 02:57:32'),
(398, 1, 167.00, '2021-02-10 02:57:34', '2021-02-10 02:57:34'),
(399, 1, 78.00, '2021-02-10 02:57:35', '2021-02-10 02:57:35'),
(400, 1, 948.00, '2021-02-10 02:57:37', '2021-02-10 02:57:37'),
(401, 1, 300.00, '2021-02-10 02:57:39', '2021-02-10 02:57:39'),
(402, 1, 781.00, '2021-02-10 02:57:41', '2021-02-10 02:57:41'),
(403, 1, 818.00, '2021-02-10 02:57:42', '2021-02-10 02:57:42'),
(404, 1, 38.00, '2021-02-10 02:57:44', '2021-02-10 02:57:44'),
(405, 1, 609.00, '2021-02-10 02:57:46', '2021-02-10 02:57:46'),
(406, 1, 259.00, '2021-02-10 02:57:49', '2021-02-10 02:57:49'),
(407, 1, 878.00, '2021-02-10 02:57:51', '2021-02-10 02:57:51'),
(408, 1, 14.00, '2021-02-10 02:57:53', '2021-02-10 02:57:53'),
(409, 1, 406.00, '2021-02-10 02:57:54', '2021-02-10 02:57:54'),
(410, 1, 282.00, '2021-02-10 02:57:56', '2021-02-10 02:57:56'),
(411, 1, 841.00, '2021-02-10 02:57:58', '2021-02-10 02:57:58'),
(412, 1, 746.00, '2021-02-10 02:57:59', '2021-02-10 02:57:59'),
(413, 1, 899.00, '2021-02-10 02:58:01', '2021-02-10 02:58:01'),
(414, 1, 260.00, '2021-02-10 02:58:03', '2021-02-10 02:58:03'),
(415, 1, 579.00, '2021-02-10 02:58:04', '2021-02-10 02:58:04'),
(416, 1, 63.00, '2021-02-10 02:58:06', '2021-02-10 02:58:06'),
(417, 1, 169.00, '2021-02-10 02:58:08', '2021-02-10 02:58:08'),
(418, 1, 178.00, '2021-02-10 02:58:09', '2021-02-10 02:58:09'),
(419, 1, 666.00, '2021-02-10 02:58:11', '2021-02-10 02:58:11'),
(420, 1, 976.00, '2021-02-10 02:58:13', '2021-02-10 02:58:13'),
(421, 1, 398.00, '2021-02-10 02:58:15', '2021-02-10 02:58:15'),
(422, 1, 968.00, '2021-02-10 02:58:16', '2021-02-10 02:58:16'),
(423, 1, 918.00, '2021-02-10 02:58:18', '2021-02-10 02:58:18'),
(424, 1, 363.00, '2021-02-10 02:58:20', '2021-02-10 02:58:20'),
(425, 1, 487.00, '2021-02-10 02:58:21', '2021-02-10 02:58:21'),
(426, 1, 139.00, '2021-02-10 02:58:23', '2021-02-10 02:58:23'),
(427, 1, 486.00, '2021-02-10 02:58:25', '2021-02-10 02:58:25'),
(428, 1, 525.00, '2021-02-10 02:58:26', '2021-02-10 02:58:26'),
(429, 1, 727.00, '2021-02-10 02:58:28', '2021-02-10 02:58:28'),
(430, 1, 202.00, '2021-02-10 02:58:30', '2021-02-10 02:58:30'),
(431, 1, 773.00, '2021-02-10 02:58:32', '2021-02-10 02:58:32'),
(432, 1, 383.00, '2021-02-10 02:58:33', '2021-02-10 02:58:33'),
(433, 1, 202.00, '2021-02-10 02:58:35', '2021-02-10 02:58:35'),
(434, 1, 836.00, '2021-02-10 02:58:37', '2021-02-10 02:58:37'),
(435, 1, 555.00, '2021-02-10 02:58:39', '2021-02-10 02:58:39'),
(436, 1, 721.00, '2021-02-10 02:58:40', '2021-02-10 02:58:40'),
(437, 1, 801.00, '2021-02-10 02:58:42', '2021-02-10 02:58:42'),
(438, 1, 901.00, '2021-02-10 02:58:43', '2021-02-10 02:58:43'),
(439, 1, 98.00, '2021-02-10 02:58:45', '2021-02-10 02:58:45'),
(440, 1, 590.00, '2021-02-10 02:58:47', '2021-02-10 02:58:47'),
(441, 1, 703.00, '2021-02-10 02:58:49', '2021-02-10 02:58:49'),
(442, 1, 876.00, '2021-02-10 02:58:50', '2021-02-10 02:58:50'),
(443, 1, 507.00, '2021-02-10 02:58:52', '2021-02-10 02:58:52'),
(444, 1, 918.00, '2021-02-10 02:58:54', '2021-02-10 02:58:54'),
(445, 1, 190.00, '2021-02-10 02:58:55', '2021-02-10 02:58:55'),
(446, 1, 410.00, '2021-02-10 02:58:57', '2021-02-10 02:58:57'),
(447, 1, 301.00, '2021-02-10 02:58:59', '2021-02-10 02:58:59'),
(448, 1, 567.00, '2021-02-10 02:59:00', '2021-02-10 02:59:00'),
(449, 1, 258.00, '2021-02-10 02:59:02', '2021-02-10 02:59:02');

--
-- Indexes for dumped tables
--

--
-- Indexes for table `avatars`
--
ALTER TABLE `avatars`
  ADD PRIMARY KEY (`id`);

--
-- Indexes for table `failed_jobs`
--
ALTER TABLE `failed_jobs`
  ADD PRIMARY KEY (`id`),
  ADD UNIQUE KEY `failed_jobs_uuid_unique` (`uuid`);

--
-- Indexes for table `migrations`
--
ALTER TABLE `migrations`
  ADD PRIMARY KEY (`id`);

--
-- Indexes for table `sensors`
--
ALTER TABLE `sensors`
  ADD PRIMARY KEY (`id`),
  ADD UNIQUE KEY `sensors_name_unique` (`name`),
  ADD KEY `sensors_avatar_id_foreign` (`avatar_id`);

--
-- Indexes for table `tokens`
--
ALTER TABLE `tokens`
  ADD PRIMARY KEY (`id`),
  ADD UNIQUE KEY `tokens_token_unique` (`token`),
  ADD KEY `tokens_user_id_foreign` (`user_id`);

--
-- Indexes for table `users`
--
ALTER TABLE `users`
  ADD PRIMARY KEY (`id`),
  ADD UNIQUE KEY `users_username_unique` (`username`),
  ADD UNIQUE KEY `users_email_unique` (`email`),
  ADD KEY `users_avatar_id_foreign` (`avatar_id`);

--
-- Indexes for table `user_analyses`
--
ALTER TABLE `user_analyses`
  ADD PRIMARY KEY (`id`),
  ADD KEY `user_analyses_user_id_foreign` (`user_id`);

--
-- Indexes for table `user_sensors`
--
ALTER TABLE `user_sensors`
  ADD PRIMARY KEY (`id`),
  ADD KEY `user_sensors_user_id_foreign` (`user_id`),
  ADD KEY `user_sensors_sensor_id_foreign` (`sensor_id`);

--
-- Indexes for table `user_sensor_readings`
--
ALTER TABLE `user_sensor_readings`
  ADD PRIMARY KEY (`id`),
  ADD KEY `user_sensor_readings_user_sensor_id_foreign` (`user_sensor_id`);

--
-- AUTO_INCREMENT for dumped tables
--

--
-- AUTO_INCREMENT for table `avatars`
--
ALTER TABLE `avatars`
  MODIFY `id` bigint(20) UNSIGNED NOT NULL AUTO_INCREMENT, AUTO_INCREMENT=3;

--
-- AUTO_INCREMENT for table `failed_jobs`
--
ALTER TABLE `failed_jobs`
  MODIFY `id` bigint(20) UNSIGNED NOT NULL AUTO_INCREMENT;

--
-- AUTO_INCREMENT for table `migrations`
--
ALTER TABLE `migrations`
  MODIFY `id` int(10) UNSIGNED NOT NULL AUTO_INCREMENT, AUTO_INCREMENT=25;

--
-- AUTO_INCREMENT for table `sensors`
--
ALTER TABLE `sensors`
  MODIFY `id` bigint(20) UNSIGNED NOT NULL AUTO_INCREMENT, AUTO_INCREMENT=2;

--
-- AUTO_INCREMENT for table `tokens`
--
ALTER TABLE `tokens`
  MODIFY `id` bigint(20) UNSIGNED NOT NULL AUTO_INCREMENT, AUTO_INCREMENT=8;

--
-- AUTO_INCREMENT for table `users`
--
ALTER TABLE `users`
  MODIFY `id` bigint(20) UNSIGNED NOT NULL AUTO_INCREMENT, AUTO_INCREMENT=4;

--
-- AUTO_INCREMENT for table `user_analyses`
--
ALTER TABLE `user_analyses`
  MODIFY `id` bigint(20) UNSIGNED NOT NULL AUTO_INCREMENT, AUTO_INCREMENT=13;

--
-- AUTO_INCREMENT for table `user_sensors`
--
ALTER TABLE `user_sensors`
  MODIFY `id` bigint(20) UNSIGNED NOT NULL AUTO_INCREMENT, AUTO_INCREMENT=2;

--
-- AUTO_INCREMENT for table `user_sensor_readings`
--
ALTER TABLE `user_sensor_readings`
  MODIFY `id` bigint(20) UNSIGNED NOT NULL AUTO_INCREMENT, AUTO_INCREMENT=450;

--
-- Constraints for dumped tables
--

--
-- Constraints for table `sensors`
--
ALTER TABLE `sensors`
  ADD CONSTRAINT `sensors_avatar_id_foreign` FOREIGN KEY (`avatar_id`) REFERENCES `avatars` (`id`) ON DELETE SET NULL ON UPDATE CASCADE;

--
-- Constraints for table `tokens`
--
ALTER TABLE `tokens`
  ADD CONSTRAINT `tokens_user_id_foreign` FOREIGN KEY (`user_id`) REFERENCES `users` (`id`) ON DELETE SET NULL ON UPDATE CASCADE;

--
-- Constraints for table `users`
--
ALTER TABLE `users`
  ADD CONSTRAINT `users_avatar_id_foreign` FOREIGN KEY (`avatar_id`) REFERENCES `avatars` (`id`) ON DELETE SET NULL ON UPDATE CASCADE;

--
-- Constraints for table `user_analyses`
--
ALTER TABLE `user_analyses`
  ADD CONSTRAINT `user_analyses_user_id_foreign` FOREIGN KEY (`user_id`) REFERENCES `users` (`id`) ON DELETE SET NULL ON UPDATE CASCADE;

--
-- Constraints for table `user_sensors`
--
ALTER TABLE `user_sensors`
  ADD CONSTRAINT `user_sensors_sensor_id_foreign` FOREIGN KEY (`sensor_id`) REFERENCES `sensors` (`id`) ON DELETE SET NULL ON UPDATE CASCADE,
  ADD CONSTRAINT `user_sensors_user_id_foreign` FOREIGN KEY (`user_id`) REFERENCES `users` (`id`) ON DELETE SET NULL ON UPDATE CASCADE;

--
-- Constraints for table `user_sensor_readings`
--
ALTER TABLE `user_sensor_readings`
  ADD CONSTRAINT `user_sensor_readings_user_sensor_id_foreign` FOREIGN KEY (`user_sensor_id`) REFERENCES `user_sensors` (`id`) ON DELETE SET NULL ON UPDATE CASCADE;
COMMIT;

/*!40101 SET CHARACTER_SET_CLIENT=@OLD_CHARACTER_SET_CLIENT */;
/*!40101 SET CHARACTER_SET_RESULTS=@OLD_CHARACTER_SET_RESULTS */;
/*!40101 SET COLLATION_CONNECTION=@OLD_COLLATION_CONNECTION */;
